0.25373,-0.197025,0.260522,0.326888,0.261718,2.100457,0.484429,-1.856599,-2.180982,1.710262,F
-0.190648,-0.024299,0.367214,2.258633,0.17234,1.643684,0.182426,0.493656,1.436069,1.540743,X
-0.091897,0.258344,0.445454,1.643582,0.082961,0.771662,0.257927,1.271048,0.438262,0.672701,W
0.09326,-0.102811,0.01513,-1.203774,0.082961,-0.224934,0.220177,-1.47031,-0.185368,-0.204816,A
0.167323,0.117022,0.047137,-0.174809,0.261718,-0.224934,0.106925,-0.091001,0.126447,-0.143274,A
0.15498,-0.471816,0.50947,1.205082,0.261718,1.062336,0.408929,0.201123,-0.185368,0.834674,A
-0.116585,-0.212727,-0.027547,-0.927921,0.351096,3.180103,0.396345,-1.736437,-1.786017,2.747498,E
-0.017834,0.23479,-0.180472,0.621032,0.261718,1.311485,0.55993,-0.481134,-0.528364,0.988136,F
-0.00549,-0.220579,-3.210528,1.071885,0.261718,1.477585,0.069175,0.687208,0.375899,1.445387,A
-0.202992,-0.479668,-3.210528,-0.88764,0.261718,0.480988,0.52218,-0.264807,-0.060642,0.265117,D
0.019197,0.093469,0.473906,1.897295,0.17234,1.186911,-0.34608,0.637135,1.872609,1.502564,X
0.019197,-0.283388,0.214288,0.857677,0.261718,0.231839,-0.044076,0.286823,0.032902,0.361992,A
0.377169,-0.079257,0.153829,-1.102952,0.261718,1.726734,0.144676,-0.347517,-0.497183,1.597655,A
0.019197,0.525284,0.068476,0.166658,0.261718,-0.10036,-0.081827,-0.301037,0.313536,0.079179,F
0.068573,-1.16272,-3.210528,-0.829367,0.261718,3.429252,0.899684,-1.05053,-0.684271,2.5618,A
0.512951,-0.306942,0.061363,1.371548,0.976743,-0.723232,-1.101088,1.647105,2.122061,0.12177,I
0.142636,0.069915,0.399221,0.568039,-1.168333,-0.557133,0.371178,0.817834,0.344717,-0.57961,A
0.846235,-0.09496,0.182281,-1.981085,0.61923,-2.882524,-1.25209,0.088844,2.496239,-2.024791,I
-0.314087,-0.024299,-1.681275,0.307284,0.261718,-0.349509,-0.42158,1.140693,0.656532,0.053152,E
0.241386,0.23479,0.310311,-1.710992,0.261718,-1.470679,0.031425,0.087582,0.40708,-1.239966,H
0.142636,-0.142067,0.246296,0.789259,-1.347089,-0.141884,0.597681,1.103688,0.375899,-0.328658,A
-0.32643,0.321153,0.285416,-1.944952,-0.900198,-3.297773,0.069175,-0.276166,0.562987,-2.931903,D
-0.042522,0.2976,0.079145,1.500568,0.351096,1.726734,0.031425,-0.162605,-0.310094,1.684789,F
0.241386,-0.157769,0.338762,-1.203923,0.261718,-0.432558,0.52218,0.361436,-0.310094,-0.545156,A
0.25373,0.336855,0.086258,-0.979571,0.261718,0.522513,0.257927,-0.889654,0.157628,0.444835,G
0.019197,-0.424709,0.33165,0.137655,-0.006417,0.605563,0.408929,-0.389455,0.032902,0.433503,A
0.241386,0.23479,0.121822,1.037988,0.261718,0.979286,0.748682,0.319285,-0.372457,0.568111,A
2.105308,-0.079257,0.239183,-1.152363,-0.989576,-0.972381,0.106925,-0.2179,-1.463808,-0.822485,A
0.019197,0.289748,-0.116457,1.524856,-0.542686,0.273364,0.673182,1.734475,0.157628,-0.00575,F
-0.030178,0.022808,0.157386,-0.771451,0.261718,1.602159,-2.460103,-1.686928,-0.43482,-0.654931,H
-0.079554,0.250492,0.388552,-0.002584,0.082961,-1.429155,0.069175,0.507615,0.62535,-1.224174,E
-0.437525,0.423218,0.388552,0.620852,0.17234,-1.013906,0.220177,1.560202,0.375899,-0.91508,E
-0.128929,-0.283388,0.488131,0.833628,0.797987,0.522513,-1.591843,0.088456,0.843621,1.779194,Y
-0.104241,-0.079257,0.552147,1.388496,0.61923,-0.474083,-0.572582,0.819931,1.093072,0.052609,Y
-0.079554,-0.291239,0.388552,0.855618,0.261718,-0.307984,0.220177,0.081427,-0.466001,-0.279341,F
-0.06721,-0.43256,-3.210528,-0.875108,0.17234,-0.889332,0.257927,0.492238,0.562987,-0.821484,A
0.019197,0.619498,0.032912,-0.18385,0.261718,-0.889332,0.55993,0.570579,0.62535,-0.961263,G
-0.215336,0.10132,0.235627,-0.280585,0.261718,0.273364,0.220177,0.574094,0.687713,0.267058,E
0.105604,0.203385,-0.023991,0.995678,0.261718,-0.141884,0.144676,-0.892837,-1.214356,-0.078804,A
0.216699,-0.424709,0.306755,-0.043283,0.261718,-0.515608,0.257927,0.158332,-0.185368,-0.475634,A
-0.116585,0.305451,0.036468,-0.41038,0.261718,-1.802878,0.295677,0.437059,1.24898,-1.659147,H
-0.017834,0.23479,-0.180472,0.621032,0.261718,0.605563,0.446679,0.595295,-0.341275,0.418687,F
0.117948,-0.291239,0.306755,0.255993,0.17234,0.813187,0.371178,-0.526178,0.219991,0.638308,A
0.401857,-0.29909,0.328093,0.432395,-1.257711,0.107265,-0.497081,0.446709,-0.247731,0.522747,A
-0.00549,-0.660245,0.345875,-0.270589,0.261718,0.522513,0.484429,0.107696,-0.65309,0.314134,A
-3.461768,-0.204876,-3.210528,-3.441837,-3.045274,0.356414,-5.706639,2.470726,-3.20997,-3.827853,F
0.661077,-0.09496,0.01513,0.751961,0.976743,-0.391033,-1.591843,0.535321,1.280161,0.823041,I
-0.030178,0.305451,-3.203415,-0.130828,0.17234,0.397939,0.333428,-0.238266,-0.43482,0.293109,A
0.15498,-0.322644,0.175168,0.126526,0.17234,-0.432558,0.182426,0.298356,-0.247731,-0.357796,A
0.488263,-0.49537,0.111153,0.334258,0.976743,-0.10036,-1.176589,0.924911,1.498432,0.782343,I
0.25373,0.219088,0.14316,0.720541,0.261718,0.564038,0.106925,0.111599,-0.029461,0.57708,A
-0.240024,-0.424709,0.089814,1.094532,0.261718,2.266557,0.748682,-2.006486,-1.370264,1.676219,A
0.15498,-0.448263,0.356544,-0.003837,0.261718,0.024215,0.295677,-0.369728,0.001721,-0.022024,F
0.15498,0.595945,0.036468,-0.126143,0.261718,-0.349509,0.106925,-0.363865,0.001721,-0.249649,A
-0.128929,-0.511072,0.342319,0.170775,0.261718,-0.141884,0.295677,0.639523,0.219991,-0.155812,F
-0.252367,0.281897,0.146717,-0.082938,0.261718,0.356414,0.257927,-0.561145,0.344717,0.3069,E
0.192011,-0.03215,0.249852,-0.418765,0.17234,-0.847807,0.031425,-0.037162,-0.060642,-0.667685,F
0.883267,-0.314793,0.086258,-1.337837,0.976743,-1.263055,-1.667344,0.683654,1.810246,-0.108556,I
0.130292,-0.126364,0.377883,0.755362,0.261718,0.522513,0.182426,-0.021474,-0.528364,0.493224,A
0.142636,-0.000745,0.153829,0.955845,0.261718,0.314889,0.295677,1.357369,0.375899,0.244817,F
0.229043,0.572391,0.050694,-0.980138,-0.274551,0.231839,0.597681,-0.220327,-0.590727,-0.007546,A
0.130292,-0.071406,0.214288,0.915742,0.261718,-0.10036,-0.006326,0.740503,0.219991,0.037685,A
-0.017834,-2.426761,0.278304,0.506662,0.17234,0.480988,0.484429,0.204735,-0.278912,0.272845,F
0.080916,-0.126364,0.360101,-0.587947,0.261718,0.439463,0.333428,-0.136977,-0.746634,0.341474,F
0.377169,0.022808,0.139604,1.070691,0.976743,-0.598658,-1.025587,0.625583,1.841428,0.180032,I
0.624046,-0.189174,0.139604,0.38731,0.976743,-1.138481,-1.138838,0.385162,2.620965,-0.296712,I
0.192011,-0.03215,0.452567,-0.877078,0.261718,0.273364,0.371178,0.920367,0.18881,0.173161,A
0.167323,0.171981,0.047137,0.268047,0.17234,0.231839,-2.686605,0.380522,-0.060642,-1.741845,F
0.142636,-0.244132,-3.206971,0.165524,0.887365,0.273364,0.597681,-0.752523,0.937165,0.034454,I
0.043885,0.407516,0.047137,0.460921,0.261718,0.14879,-0.006326,0.008425,-0.216549,0.261923,F
0.278418,0.069915,0.214288,-2.283942,0.082961,-0.183409,0.446679,-2.615353,-1.214356,-0.273121,A
-0.314087,-2.426761,-0.006209,-0.194681,0.261718,1.726734,0.446679,-1.03224,-0.341275,1.403905,A
0.562327,-0.29909,0.068476,-0.58926,0.976743,-0.266459,-0.42158,-1.13918,0.40708,0.145759,I
0.241386,0.23479,0.310311,-1.710992,0.261718,-0.474083,0.748682,0.696507,0.375899,-0.691759,H
0.056229,0.486028,0.10404,-0.053338,0.261718,0.06574,0.484429,-0.036094,0.095265,-0.073668,G
-0.017834,0.132725,0.125378,1.357345,0.261718,0.314889,0.220177,1.068099,-0.123005,0.282175,A
0.019197,0.588093,0.260522,-1.348758,0.082961,-0.474083,-3.441614,-2.812594,-2.368071,-1.849859,A
0.15498,-0.251983,0.125378,-0.576698,-0.900198,0.314889,0.446679,-0.039996,-0.060642,0.156054,A
0.31545,0.540986,0.029355,-0.395163,0.261718,-1.055431,0.710932,-0.939124,-0.123005,-1.174495,G
0.031541,0.171981,0.253409,-0.862994,0.17234,-0.141884,0.635431,-1.523508,-0.029461,-0.348465,H
0.204355,-0.448263,0.349432,0.689659,0.261718,-0.391033,0.333428,-0.176157,-0.247731,-0.415407,A
-0.314087,-0.040001,0.303198,1.37665,0.17234,0.480988,0.144676,-0.105931,0.531806,0.485316,X
0.229043,0.014957,0.395665,-1.399572,0.082961,-1.470679,0.371178,-0.594171,0.968347,-1.389293,H
-0.116585,0.069915,0.068476,-0.783147,0.261718,0.273364,0.069175,-0.192388,-0.060642,0.325586,A
0.142636,-0.244132,-3.206971,0.165524,0.887365,0.024215,-1.440842,-0.11826,0.968347,1.087313,I
0.266074,-0.16562,0.32098,0.483299,0.17234,0.937762,0.182426,0.664006,-0.091823,0.866523,A
-3.498799,0.611647,0.064919,0.455102,-4.922215,-0.307984,0.673182,0.673034,-1.744441,-0.501951,A
-0.32643,-0.652394,0.384996,-1.694222,-0.185173,-1.346105,-0.081827,-1.046841,-0.247731,-1.076812,E
-0.116585,0.423218,0.086258,1.919136,0.261718,0.647088,0.333428,0.398326,0.375899,0.514646,G
0.216699,-0.424709,0.306755,-0.043283,0.261718,-0.681707,0.257927,-0.298163,-1.027268,-0.635016,A
-0.38815,0.321153,0.107596,0.886232,0.351096,0.979286,-0.081827,-0.415607,-0.528364,1.092991,F
0.142636,-0.000745,0.153829,0.955845,0.261718,0.356414,0.899684,0.391453,0.001721,-0.053548,F
-0.091897,-0.189174,0.345875,0.235912,0.261718,-0.391033,0.371178,0.812825,0.126447,-0.431681,A
-0.00549,-0.322644,0.100483,-0.519439,0.261718,-0.307984,0.52218,-0.056675,0.562987,-0.429089,A
0.377169,0.164129,0.139604,-0.241825,0.17234,-0.681707,0.295677,-0.043705,0.001721,-0.653581,A
-0.042522,-0.29909,0.182281,1.151314,0.261718,0.107265,0.52218,0.637543,0.157628,-0.057767,A
1.043737,-0.401156,0.473906,0.506215,0.261718,0.273364,0.333428,0.27529,-0.372457,0.192292,A
-0.017834,-0.275537,0.388552,0.949727,0.261718,0.231839,-2.875357,0.795585,0.219991,-1.408002,F
0.192011,-0.03215,0.249852,-0.418765,0.17234,-0.01731,-2.686605,-0.058538,0.001721,-1.813224,F
-0.091897,0.226939,0.267634,0.024091,0.261718,0.522513,0.371178,-0.528468,0.157628,0.39952,H
0.142636,-0.291239,-3.210528,-2.167812,0.351096,-0.847807,0.069175,-0.259566,-0.091823,-0.681789,F
0.994361,-0.008597,-0.148465,0.826884,0.261718,-0.391033,0.031425,0.085621,-0.746634,-0.253037,A
0.31545,-0.236281,0.37077,0.812174,0.261718,-0.183409,0.371178,0.34239,-0.029461,-0.242657,A
-0.215336,-0.102811,0.360101,0.941284,0.17234,-0.058835,-0.044076,1.204725,0.812439,0.092765,E
4.462983,-0.181323,0.306755,-2.963951,0.261718,-0.01731,0.182426,0.844919,0.157628,0.007017,F
-3.498799,0.43107,0.466793,0.713201,-4.922215,-0.474083,-2.573354,1.282581,-2.118619,-2.123269,A
-3.498799,-0.149918,0.029355,-5.440122,-2.777139,-2.135077,-1.365341,-2.007884,-2.9917,-3.249388,I
-0.116585,-0.016448,0.288973,0.483747,0.17234,-0.723232,-0.044076,0.533476,0.001721,-0.514536,F
0.389513,-0.220579,-3.210528,-2.624155,0.261718,-0.847807,0.031425,-2.166993,-0.996086,-0.672687,A
-0.00549,-0.220579,-3.210528,1.071885,0.261718,0.480988,0.106925,0.335167,-0.559546,0.500771,A
-0.351118,0.014957,0.214288,0.736624,0.17234,-0.930856,0.446679,1.719001,1.24898,-0.950149,E
0.09326,-0.087108,-2.268081,-0.164963,0.261718,0.273364,0.371178,0.251001,0.18881,0.156235,A
-0.017834,-0.047852,0.093371,-0.139302,0.261718,0.190314,0.295677,-0.73732,-0.621908,0.126797,A
0.648733,0.242641,-0.045329,-0.444157,0.261718,0.190314,0.824183,0.562114,0.001721,-0.153075,A
-0.091897,0.43107,0.047137,-0.048505,0.261718,-0.349509,0.031425,-0.450399,0.313536,-0.217546,G
0.4142,-0.173471,0.392108,-0.130887,0.261718,-0.307984,0.182426,0.001727,-0.372457,-0.250143,F
0.142636,0.486028,0.100483,-0.448543,0.17234,-0.183409,-0.195078,-1.594374,-1.307901,0.081385,A
0.105604,0.10132,0.246296,0.08708,0.261718,-0.847807,-0.006326,-0.141364,-1.370264,-0.649289,A
0.809204,-0.16562,0.025799,0.712127,0.887365,-0.474083,-1.25209,-0.235529,1.404887,0.462688,I
1.21655,0.156278,-0.013322,0.353593,0.17234,1.228436,0.144676,-0.459932,-1.120812,1.15346,A
0.117948,-0.220579,0.367214,0.914608,0.261718,0.107265,0.182426,1.475745,0.313536,0.115501,A
0.31545,-0.989994,0.157386,-2.450289,0.17234,-0.01731,2.560702,-1.453593,-1.120812,-0.239812,X
-0.252367,-0.008597,-2.044028,0.342613,0.351096,-2.301176,-2.724356,0.272689,-0.216549,-2.131298,X
0.229043,-1.044953,0.349432,0.84243,0.261718,1.186911,0.446679,0.905126,0.40708,0.927426,A
0.142636,0.486028,0.100483,-0.448543,0.17234,0.730137,0.144676,-0.596423,-0.123005,0.705973,A
-0.153617,-0.087108,0.299642,0.689629,0.261718,-0.058835,0.408929,0.978749,0.032902,-0.143311,F
0.019197,-0.118513,0.345875,-1.086511,0.261718,-0.598658,-0.270579,0.422905,0.313536,-0.285308,F
-0.314087,-0.157769,0.043581,1.051505,0.17234,0.564038,0.635431,0.646357,0.469443,0.265274,E
0.364825,0.195534,0.175168,-0.027618,0.261718,-0.640182,0.333428,1.07406,0.562987,-0.624238,A
0.303106,0.022808,0.146717,-1.815842,0.261718,0.314889,-0.006326,-2.033629,-0.902542,0.414974,A
0.710453,-0.283388,0.128935,0.601905,0.976743,-0.266459,-1.214339,-0.443526,0.531806,0.658464,I
0.809204,-0.09496,0.118265,0.987502,0.976743,-0.515608,-0.950086,0.800147,1.155435,0.244286,I
0.006853,-0.668096,0.477462,1.62168,0.17234,1.477585,0.106925,0.373397,-0.091823,1.401626,A
0.09326,-0.087108,-2.268081,-0.164963,0.261718,1.186911,0.220177,-0.272846,0.251173,1.069146,A
-0.264711,-0.448263,0.431229,-1.121421,0.261718,0.190314,0.484429,-0.293057,-0.341275,0.016348,F
-0.128929,0.069915,0.313868,0.510511,0.082961,0.397939,0.182426,0.081738,0.781258,0.384788,H
0.117948,-0.008597,0.623275,-0.855684,0.17234,-1.055431,-2.648855,0.044965,-1.058449,-1.058271,A
0.130292,-0.275537,0.274747,-0.574878,0.261718,-0.01731,0.220177,-0.801779,-0.746634,-0.008064,A
0.080916,-0.244132,0.45968,0.426726,0.261718,0.356414,0.748682,0.14177,0.251173,0.025811,A
-0.190648,-0.691649,0.28186,-0.194472,0.17234,-0.10036,0.408929,0.136742,1.24898,-0.19387,E
-0.22768,0.289748,-0.006209,0.395814,0.261718,0.397939,0.106925,1.157235,0.18881,0.424992,A
0.204355,-0.448263,0.349432,0.689659,0.261718,0.024215,-0.006326,0.173146,0.18881,0.156018,A
0.068573,0.289748,0.107596,1.267115,0.261718,0.356414,0.220177,0.990671,-0.154186,0.319474,A
0.266074,0.415367,0.089814,-0.68501,0.261718,-0.972381,0.673182,-0.020173,0.594169,-1.088807,G
0.809204,-0.09496,0.118265,0.987502,0.976743,-0.432558,-1.214339,0.763297,1.560794,0.466233,I
-3.498799,0.745117,0.150273,0.685183,-4.922215,-0.058835,0.446679,0.272261,-2.180982,-0.137223,A
0.710453,-0.102811,0.157386,1.199979,0.976743,-0.764757,-1.403091,1.437438,2.059698,0.244877,I
0.31545,-0.047852,0.14316,-0.574788,0.261718,0.439463,0.408929,-1.175759,0.032902,0.287093,A
-0.215336,-0.142067,0.096927,-0.184417,0.261718,-1.263055,0.144676,-2.579706,-2.087438,-1.101669,E
-0.153617,9.65621,0.05425,0.56598,-1.078955,0.107265,0.220177,0.545165,0.157628,0.095067,F
-0.042522,-0.189174,0.33165,-0.664392,0.261718,-0.058835,0.937434,-0.288184,0.18881,-0.430006,H
0.142636,-0.000745,0.153829,0.955845,0.261718,0.024215,-0.119577,0.312063,-0.247731,0.209808,F
-0.277055,-1.963541,0.616162,0.437826,0.17234,1.726734,0.182426,-0.309113,-0.497183,1.589048,D
-0.128929,0.572391,-0.031104,0.319399,0.261718,0.356414,0.484429,0.215549,0.562987,0.1643,G
-0.32643,0.093469,-3.210528,0.668414,-0.095795,2.474181,0.333428,0.055799,1.498432,2.218241,X
0.57467,-0.134216,0.160942,1.252465,0.976743,-0.515608,-1.101088,0.728582,0.968347,0.316158,I
0.290762,0.109171,-0.112901,0.221262,0.261718,1.643684,0.333428,-0.879169,-0.65309,1.406557,A
-0.079554,-0.338346,0.40989,0.129748,0.17234,-0.515608,-0.044076,0.895865,0.438262,-0.309756,A
-0.054866,0.226939,0.32098,-0.905841,0.261718,0.854712,0.786433,-2.238791,-1.837986,0.491886,H
-0.363462,0.23479,0.000904,0.759778,0.261718,2.100457,-0.044076,-0.525945,-0.060642,2.083357,G
0.377169,0.014957,0.381439,0.292753,0.261718,-1.38763,-0.044076,1.486598,1.186617,-1.122706,H
-0.277055,-0.251983,-3.203415,1.957926,0.261718,1.26996,0.220177,0.492063,1.093072,1.157498,X
-0.215336,-0.142067,0.096927,-0.184417,0.261718,-0.141884,0.182426,-0.048811,0.500624,-0.097055,E
0.204355,-0.275537,0.360101,-0.278884,0.261718,0.314889,0.484429,-0.387532,0.001721,0.148833,A
-0.881904,-1.947839,0.217845,2.046336,0.17234,1.35301,0.748682,1.476502,1.436069,0.917673,X
0.648733,-0.197025,0.029355,0.335213,-0.185173,-2.176602,-1.629594,-2.001302,-0.902542,-1.097402,I
0.25373,0.219088,0.14316,0.720541,0.261718,-0.266459,0.333428,0.263427,0.032902,-0.304693,A
0.068573,-1.16272,-3.210528,-0.829367,0.261718,1.892833,0.635431,-2.699985,-2.55516,1.438648,A
0.364825,-0.047852,-0.038216,0.327813,0.261718,0.273364,0.295677,-0.393823,-0.808997,0.202201,A
-0.042522,-0.3619,0.470349,-0.310721,0.261718,-0.391033,0.182426,-0.304687,0.064084,-0.332166,F
0.09326,-1.680899,0.356544,0.180532,0.17234,0.813187,0.55993,0.489792,0.251173,0.566592,A
0.500607,-0.220579,-0.03466,0.497323,0.17234,-0.391033,0.597681,0.495927,0.095265,-0.544747,A
0.105604,-0.251983,0.466793,0.287084,0.261718,0.813187,0.106925,-0.255624,-0.590727,0.808286,A
-0.104241,-1.037102,0.388552,-1.099311,0.17234,-0.764757,0.257927,0.12816,1.342524,-0.716014,X
-0.116585,-0.016448,0.288973,0.483747,0.17234,-0.723232,0.031425,0.90534,0.282354,-0.55767,F
0.15498,-0.275537,0.417003,0.813815,0.261718,0.356414,0.031425,0.039219,0.157628,0.449066,A
0.130292,-0.157769,0.577041,-0.670986,0.17234,-0.058835,0.52218,-0.66059,-0.372457,-0.208529,C
0.130292,-0.157769,0.577041,-0.670986,0.17234,-1.512204,0.673182,0.353554,0.375899,-1.556871,C
0.179667,-0.047852,0.274747,-0.605223,0.261718,-0.307984,0.182426,-0.383572,0.032902,-0.247503,F
0.500607,-0.220579,-0.03466,0.497323,0.17234,-0.141884,0.484429,0.744444,0.064084,-0.259763,A
-0.252367,-0.149918,0.313868,-0.243616,0.261718,0.439463,0.446679,-0.363574,-0.060642,0.272423,A
-0.289399,0.093469,0.402778,-0.087353,-1.436467,-1.553729,0.484429,-2.464651,-2.523978,-1.514196,E
-0.252367,0.069915,0.246296,0.52355,0.261718,0.024215,-0.006326,1.300599,1.186617,0.157815,E
0.15498,0.289748,0.207175,-0.007298,0.17234,-0.972381,0.295677,0.577083,0.251173,-0.899276,G
-0.116585,0.423218,0.086258,1.919136,0.261718,-0.681707,0.257927,1.572667,0.843621,-0.626842,G
0.031541,-0.118513,0.374326,-0.066706,0.261718,0.107265,0.220177,0.35268,0.687713,0.097755,A
0.352481,-0.259834,0.463236,-1.127687,-1.078955,0.107265,-0.006326,0.772344,0.157628,0.242647,F
-0.252367,0.281897,0.146717,-0.082938,0.261718,1.311485,0.069175,-1.046841,-0.278912,1.285789,E
0.031541,0.140576,0.399221,-0.817372,0.261718,0.605563,0.786433,-0.226015,-0.029461,0.225154,H
0.105604,0.289748,0.171611,-0.220044,0.261718,-0.806282,0.446679,0.217258,-0.060642,-0.831321,A
0.142636,0.069915,0.399221,0.568039,-1.168333,0.397939,0.371178,0.534505,0.937165,0.270373,A
0.130292,-0.157769,0.577041,-0.670986,0.17234,-0.806282,-0.006326,0.050304,0.375899,-0.626528,C
0.377169,0.179832,0.064919,-1.533962,0.261718,0.314889,0.371178,-0.477814,-0.403638,0.196258,A
0.080916,0.438921,0.14316,-0.523288,0.261718,-0.141884,0.597681,-0.510645,0.438262,-0.32374,G
0.512951,-0.306942,0.061363,1.371548,0.976743,-1.636779,-0.950086,0.517944,0.219991,-0.903905,I
0.352481,-0.259834,0.463236,-1.127687,-1.078955,0.937762,0.257927,-1.279942,-1.401445,0.832504,F
0.15498,-0.448263,0.356544,-0.003837,0.261718,-0.141884,0.182426,-0.436012,-0.278912,-0.095886,F
-0.264711,0.156278,0.402778,1.483948,0.17234,1.26996,0.597681,-0.208775,1.186617,1.094389,X
0.068573,-0.189174,-2.090261,-0.633539,0.17234,1.685209,0.786433,-0.668163,-0.278912,1.159512,E
-0.560964,0.329004,0.296086,0.755571,0.261718,0.14879,0.182426,0.428652,0.812439,0.171039,E
0.019197,0.038511,0.19295,0.323367,0.261718,0.647088,-0.044076,-0.786907,-0.341275,0.744429,F
-0.215336,-1.296191,0.491688,1.050073,0.61923,-0.432558,1.730193,-0.144355,1.311343,-0.769961,X
0.019197,0.289748,-0.116457,1.524856,-0.542686,0.107265,0.446679,1.186747,-0.123005,-0.029197,F
-0.116585,0.281897,0.175168,-0.15249,0.261718,-0.806282,0.371178,0.168098,0.843621,-0.79336,E
0.352481,-0.448263,0.196506,-0.528002,0.976743,-0.681707,-1.32759,-1.154091,0.62535,0.279644,I
0.15498,-0.236281,0.01513,0.558909,0.17234,0.771662,0.408929,-0.79512,-0.808997,0.602902,A
-0.696746,-0.055704,-3.210528,0.628849,0.261718,3.844501,0.55993,-0.339246,-1.120812,3.240782,W
0.080916,0.203385,0.310311,0.26951,0.261718,-0.432558,0.597681,1.124112,0.469443,-0.572533,H
-0.116585,-0.212727,-0.027547,-0.927921,0.351096,0.231839,0.635431,-0.141015,0.812439,-0.023435,E
-0.017834,0.132725,0.125378,1.357345,0.261718,0.273364,0.673182,0.948364,-0.216549,0.001411,A
-0.264711,-0.055704,-3.210528,0.413627,0.082961,-0.307984,-1.365341,0.766442,0.438262,0.657668,X
-0.128929,0.069915,0.313868,0.510511,0.082961,0.688613,1.012935,-0.24613,0.656532,0.18354,H
0.179667,0.258344,0.189393,-0.133304,0.17234,-0.847807,0.257927,0.170758,0.375899,-0.7821,A
0.142636,0.069915,0.399221,0.568039,-1.168333,-0.391033,0.484429,0.674258,0.687713,-0.486653,A
2.105308,-0.079257,0.239183,-1.152363,-0.989576,-0.307984,0.069175,-1.506073,-1.245538,-0.208468,A
0.63639,-0.063555,0.132491,-0.631719,0.976743,-1.055431,-0.987837,-0.230132,0.843621,-0.302764,I
0.142636,0.486028,0.025799,0.545422,0.17234,-0.01731,-0.34608,-0.474843,-0.559546,0.335001,A
-0.277055,-1.963541,0.616162,0.437826,0.17234,0.688613,0.446679,0.100338,-0.154186,0.476865,D
0.006853,0.077766,0.342319,-0.12859,0.261718,-0.224934,-0.044076,-0.952793,-0.996086,-0.058624,F
-0.141273,0.729415,0.079145,0.151709,0.261718,-0.391033,0.257927,0.442049,0.282354,-0.375927,F
-0.128929,12.655362,-0.16269,1.993015,-3.22403,0.896237,0.031425,1.078622,1.24898,0.94622,B
0.043885,0.69801,0.022242,0.912997,0.261718,1.477585,-0.195078,-0.387979,-0.123005,1.60719,F
0.043885,0.195534,0.260522,-0.393821,0.261718,0.356414,0.220177,0.409353,-0.185368,0.334579,G
0.15498,-0.471816,0.50947,1.205082,0.261718,-0.058835,0.295677,0.944132,0.469443,-0.094511,A
-0.06721,-0.149918,0.32098,0.118589,0.261718,-0.391033,0.144676,-1.50784,-1.214356,-0.313409,A
-0.363462,-0.189174,0.641057,0.681245,0.17234,-0.01731,-0.081827,0.45929,0.375899,0.157537,C
3.265629,-0.251983,0.125378,-2.12386,0.976743,-0.723232,-0.610333,1.464659,0.594169,-0.219029,I
0.290762,0.109171,-0.112901,0.221262,0.261718,-0.557133,0.220177,0.433526,-0.466001,-0.499961,A
0.290762,0.109171,-0.112901,0.221262,0.261718,-0.141884,0.220177,0.232732,0.095265,-0.140357,A
-0.079554,-0.173471,0.367214,0.324501,0.261718,1.519109,0.408929,-1.012165,-1.027268,1.256989,F
-0.079554,0.187683,-0.070224,0.211236,0.261718,1.35301,-0.044076,-0.797392,0.095265,1.405159,A
0.15498,-0.275537,0.417003,0.813815,0.261718,0.564038,0.710932,1.079748,0.656532,0.226818,A
0.599358,-2.426761,0.011573,0.54026,0.976743,-0.847807,-1.365341,1.090601,1.997335,0.124205,I
-0.351118,-0.244132,0.594823,1.592678,0.797987,-1.636779,-1.28984,0.696935,0.874802,-0.716134,X
-0.32643,0.321153,0.285416,-1.944952,-0.900198,-1.553729,-0.38383,0.169418,-0.154186,-1.125659,D
0.229043,-0.000745,0.171611,-0.002793,0.261718,-0.391033,0.220177,-0.079857,-0.060642,-0.352202,A
0.117948,0.266195,0.043581,-0.590035,0.17234,-0.723232,0.144676,-0.566543,0.157628,-0.622767,F
0.303106,0.352558,0.082701,0.703981,0.261718,-0.432558,0.484429,0.771101,-0.154186,-0.536006,F
-0.32643,0.093469,-3.210528,0.668414,-0.095795,2.017408,0.333428,0.120394,2.122061,1.785112,X
-0.277055,0.038511,0.42056,3.987152,0.17234,1.726734,0.257927,1.610643,2.028517,1.574183,X
-0.030178,0.438921,-0.045329,0.766462,0.17234,0.14879,0.824183,0.619875,0.718895,-0.17428,A
-0.104241,0.23479,0.214288,0.314028,0.17234,-0.391033,0.106925,1.460834,1.093072,-0.296676,H
-0.252367,0.069915,0.246296,0.52355,0.261718,0.06574,0.295677,1.167719,1.093072,0.013611,E
0.142636,-0.000745,0.153829,0.955845,0.261718,0.14879,0.635431,1.026143,0.095265,-0.091654,F
0.080916,0.203385,0.249852,-0.423061,0.261718,-0.930856,0.106925,0.687402,0.937165,-0.78861,H
0.352481,0.211237,0.306755,-0.946242,0.17234,0.14879,0.182426,-0.846299,-0.559546,0.169242,A
-0.462213,0.352558,0.150273,0.56049,0.261718,-0.598658,0.182426,0.538214,1.124254,-0.513355,E
-0.400494,-0.16562,0.392108,0.485626,0.261718,-1.055431,-0.006326,1.086835,0.905984,-0.844883,E
0.068573,-0.652394,0.395665,1.220985,0.261718,-0.432558,-0.157328,0.974653,0.375899,-0.190326,A
0.167323,0.148427,0.278304,-0.289596,0.261718,-0.723232,0.295677,-0.330276,0.219991,-0.68537,H
0.068573,-0.267686,0.33165,-0.197963,-2.062114,0.605563,1.352689,-0.728137,-0.684271,-0.075307,A
0.364825,-0.047852,-0.038216,0.327813,0.261718,-0.266459,0.673182,0.493325,0.126447,-0.475188,A
-0.264711,-0.275537,0.384996,1.343918,0.261718,0.397939,0.031425,1.018299,-0.185368,0.469042,A
0.303106,-0.03215,0.367214,-0.350585,0.17234,0.688613,0.597681,0.000853,0.18881,0.397893,A
1.019049,0.030659,0.335206,-2.318136,-4.654081,-1.346105,0.106925,-1.929387,-1.245538,-1.153868,A
0.204355,-0.354049,0.32098,0.410166,-0.989576,1.020811,0.257927,0.102319,-0.341275,0.9244,A
0.364825,0.36826,0.19295,-0.420406,0.261718,-0.972381,0.069175,0.118375,0.344717,-0.804824,H
0.870923,-0.236281,0.025799,-1.94155,0.976743,-1.180006,-1.32759,-0.664241,0.064084,-0.242585,I
-0.449869,-0.291239,0.434785,-0.068824,0.261718,-0.681707,-0.044076,0.726679,0.968347,-0.480987,E
0.142636,-0.142067,0.246296,0.789259,-1.347089,0.190314,0.371178,-0.557922,-1.151994,0.092729,A
0.204355,0.360409,0.139604,0.299019,-0.095795,-0.557133,0.371178,1.378532,0.843621,-0.57011,A
0.389513,0.462474,0.136047,0.011679,-0.900198,0.522513,0.597681,0.663404,-0.060642,0.24619,F
0.241386,-0.322644,0.310311,0.49055,0.261718,0.730137,0.597681,0.760714,-0.185368,0.430743,A
-0.00549,0.611647,0.022242,1.012179,0.261718,1.934358,0.635431,0.062847,-0.154186,1.502504,A
0.068573,0.289748,0.107596,1.267115,0.261718,0.564038,0.55993,1.301045,-0.185368,0.31212,A
1.130144,-0.087108,-0.002652,-0.479635,0.082961,-0.307984,0.220177,-0.017417,-0.808997,-0.29189,A
-0.141273,-0.244132,0.249852,0.593729,0.261718,-0.847807,0.371178,1.300113,0.282354,-0.84017,F
0.229043,0.572391,0.050694,-0.980138,-0.274551,-2.342701,0.597681,0.414188,-2.118619,-2.2349,A
0.043885,0.007106,1.348781,-1.249397,-0.185173,0.231839,-0.006326,0.311267,-0.029461,0.342933,E
-0.16596,-0.134216,0.256965,0.387041,0.261718,1.643684,0.031425,-0.391648,-0.310094,1.618619,F
0.167323,0.117022,0.047137,-0.174809,0.261718,-0.557133,0.220177,0.725553,0.126447,-0.507086,A
0.229043,-0.369751,0.484575,0.250174,0.261718,2.55723,0.484429,-0.834087,-0.310094,2.112952,A
0.266074,0.556689,-0.020434,0.176624,0.261718,-0.557133,0.069175,0.972226,0.469443,-0.42616,G
0.09326,-1.680899,0.356544,0.180532,0.17234,0.647088,0.144676,0.11488,0.344717,0.636065,A
0.216699,-0.424709,0.306755,-0.043283,0.261718,-0.01731,0.295677,0.411431,0.032902,-0.051487,A
-0.030178,0.391814,0.217845,-0.07333,0.261718,-0.224934,0.333428,0.516934,0.219991,-0.266116,G
11.819916,0.203385,0.395665,-2.941364,-0.900198,-2.259651,0.371178,3.312811,-3.708874,-2.092023,H
0.09326,0.329004,0.271191,-0.813522,0.17234,2.100457,0.975185,-0.579143,-0.029461,1.398432,A
-0.32643,-0.079257,0.239183,0.566935,0.261718,1.103861,0.182426,-0.118318,0.469443,1.022408,E
0.068573,0.148427,0.111153,0.179577,0.261718,-0.474083,0.295677,0.259603,-0.060642,-0.46675,A
-0.00549,-0.259834,0.367214,-0.156667,0.261718,-0.432558,-0.34608,0.103755,0.064084,-0.064133,F
0.290762,-0.189174,0.079145,-0.085921,0.976743,-1.096956,-0.874585,1.173059,1.810246,-0.425606,I
0.043885,0.572391,0.00446,-0.3331,0.261718,0.024215,1.050686,-0.67222,0.251173,-0.411405,G
-0.32643,-0.079257,0.239183,0.566935,0.261718,1.062336,0.220177,0.080224,0.562987,0.958576,E
0.266074,0.580242,0.114709,-0.165469,0.261718,-0.141884,0.55993,0.669035,0.032902,-0.306814,A
0.488263,-0.259834,0.050694,-0.755517,0.976743,1.35301,-1.403091,-1.434353,-0.43482,2.491772,I
-0.240024,-0.29909,0.694403,0.955725,0.61923,-0.723232,1.050686,0.598285,1.934972,-1.042201,Y
0.512951,-0.416858,0.125378,0.549719,0.976743,-0.307984,-0.987837,-0.059315,1.061891,0.4336,I
0.142636,-0.448263,0.438342,0.978909,0.261718,0.273364,0.333428,-0.331557,-0.185368,0.187964,F
0.15498,-0.385453,0.381439,0.314237,0.261718,0.14879,0.220177,0.285833,-0.310094,0.154994,F
0.15498,-0.448263,0.356544,-0.003837,0.261718,-0.266459,0.333428,0.253196,-0.091823,-0.304982,F
-0.314087,-0.040001,0.303198,1.37665,0.17234,1.519109,0.635431,0.607896,1.591976,1.109386,X
0.080916,-0.244132,0.45968,0.426726,0.261718,1.768258,0.484429,-1.929329,-1.650897,1.417817,A
-0.314087,0.540986,-0.041773,0.882562,0.261718,-0.515608,-0.044076,0.072923,-0.029461,-0.324945,F
-0.635027,-0.448263,0.299642,1.407861,0.17234,1.020811,-0.799085,0.219762,1.03071,1.677014,Y
0.303106,-0.134216,-0.002652,-0.624558,0.261718,0.356414,0.333428,-1.738689,-0.964905,0.236172,A
0.352481,0.211237,0.306755,-0.946242,0.17234,-0.058835,0.333428,0.559745,-0.060642,-0.120635,A
0.056229,0.43107,-3.210528,-1.133148,0.261718,-0.557133,0.106925,0.51142,0.40708,-0.445316,A
0.438888,0.289748,0.14316,-0.282494,0.261718,0.231839,-0.044076,-1.006166,-0.185368,0.375831,A
0.130292,-1.649494,-3.210528,-2.636061,-2.419627,1.43606,0.635431,1.343041,0.18881,1.034391,A
